Gallery,Gallery
Days,Days
Scenes,Scenes
[lilsis.name] Intro,[lilsis.name] Intro
[lilsis.name] pranks [main.name] first thing in the morning.,[lilsis.name] pranks [main.name] first thing in the morning.
[bigsis.name] Intro,[bigsis.name] Intro
[bigsis.name] teaches [main.name] to knock the hard way.,[bigsis.name] teaches [main.name] to knock the hard way.
[fembro.name] Intro,[fembro.name] Intro
[main.name] forgets to knock and barges in on [fembro.name] changing.,[main.name] forgets to knock and barges in on [fembro.name] changing.
[mom.name] and [aunt.name] Intro,[mom.name] and [aunt.name] Intro
"[mom.name] lays down the law, and [aunt.name] greets [main.name].","[mom.name] lays down the law, and [aunt.name] greets [main.name]."
The News Drops,The News Drops
"During an argument, the family learns about the law.","During an argument, the family learns about the law."
No Respect at All,No Respect at All
[lilsis.name] walks in on [main.name] when he's about shower... this awakens something in her.,[lilsis.name] walks in on [main.name] when he's about shower... this awakens something in her.
Rubbing and Prying 1,Rubbing and Prying 1
[main.name] decides to give his mother a massage.,[main.name] decides to give his mother a massage.
Paint the Room Red (Orange),Paint the Room Red (Orange)
[main.name] helps [aunt.name] paint his old room.,[main.name] helps [aunt.name] paint his old room.
"Silent Night, Horny Night?","Silent Night, Horny Night?"
[main.name] Lists in to [bigsis.name] through the wall.,[main.name] Lists in to [bigsis.name] through the wall.
Sleep Grinding,Sleep Grinding
[main.name] helps [fembro.name] paint his old room.,[main.name] helps [fembro.name] paint his old room.
Sleep Grinding Alt Start (Jessie Disabled),Sleep Grinding Alt Start (Jessie Disabled)
Bonk,Bonk
[main.name] tries to make [aunt.name] feel welcome in the morning... Never sneak up on an Amazon.,[main.name] tries to make [aunt.name] feel welcome in the morning... Never sneak up on an Amazon.
"All Ass, No Height","All Ass, No Height"
"[fembro.name] can't reach something on the high shelf. When they try and climb, they fall ontop of [main.name].","[fembro.name] can't reach something on the high shelf. When they try and climb, they fall ontop of [main.name]."
Strike A Pose,Strike A Pose
[main.name] and [fembro.name] watch [aunt.name] flex her 'guns'.,[main.name] and [fembro.name] watch [aunt.name] flex her 'guns'.
